subject,max,min,mean
b,73,43,60.666666666666664
c,96,37,56.333333333333336
m,81,41,56.333333333333336
p,88,16,39.5
